Model,Mean_Accuracy,Std
Naive Bayes,0.8150000000000001,0.02588435821108954
SVM,0.812,0.009273618495495663
Logistic Regression,0.834,0.02353720459187964
