Model,Accuracy,Precision,Recall,F1-Score
Naive Bayes (BoW),0.7966666666666666,0.7986577181208053,0.7933333333333333,0.7959866220735786
SVM (TF-IDF + Bigrams),0.84,0.8311688311688312,0.8533333333333334,0.8421052631578949
Logistic Regression (L1),0.7966666666666666,0.7696969696969697,0.8466666666666667,0.8063492063492064
